Session ID,Mouse ID,alpha,beta,kappa,nll,n_trials,beta_at_bound,kappa_at_bound,alpha_at_bound,group
old_000_s00,old_000,0.25432112277011093,21.2867269532706,-0.3552440352646765,17.177343758708812,150,False,False,False,non_boundary
old_000_s01,old_000,0.2626605253608923,21.135089500785973,1.5355553758294578,10.123320442514116,150,False,False,False,non_boundary
old_000_s02,old_000,0.31746606145001016,31.538789083341253,-0.4042379570032106,12.854989593666208,150,False,False,False,non_boundary
old_000_s03,old_000,0.4233500817381007,35.673490499675296,-1.0437676310182535,6.810543385220571,150,False,False,False,non_boundary
old_000_s04,old_000,0.22070504483823203,29.07012030556317,-0.21122338725382708,19.15227147967502,150,False,False,False,non_boundary
old_000_s05,old_000,0.3286199952883317,15.155540374257637,0.0890330510480239,18.19410442544976,150,False,False,False,non_boundary
old_000_s06,old_000,0.23083854499525938,29.318033268533135,-0.30044873447071113,14.370675305697878,150,False,False,False,non_boundary
old_000_s07,old_000,0.33046071227331886,32.74341980255249,0.047614129411281896,8.030827206906638,150,False,False,False,non_boundary
old_000_s08,old_000,0.2583347662806524,29.26587175843661,0.08088110274996536,15.423324517176212,150,False,False,False,non_boundary
old_000_s09,old_000,0.17835151887610465,50.0,-1.3481816130458604,10.798219097466387,150,True,False,False,fast_learner
old_001_s00,old_001,0.2611160620083766,26.557050818484413,-0.5085280642184689,14.626882304226603,150,False,False,False,non_boundary
old_001_s01,old_001,0.26931364595660323,23.274507598471736,0.24630457088908572,16.331579168970986,150,False,False,False,non_boundary
old_001_s02,old_001,0.23155207923522095,28.756735925053235,0.08478850045378972,15.92497281422067,150,False,False,False,non_boundary
old_001_s03,old_001,0.3412754579340451,28.004889693597693,0.15793021123419504,15.365297324015383,150,False,False,False,non_boundary
old_001_s04,old_001,0.25453915851473824,22.615430946130154,0.7554042235134963,15.799952459121377,150,False,False,False,non_boundary
old_001_s05,old_001,0.30149533622049673,21.143943736862536,-0.4393623258097974,22.801472357082147,150,False,False,False,non_boundary
old_001_s06,old_001,0.21214550988481964,24.330442165391283,-0.1322058995534915,18.00492576441525,150,False,False,False,non_boundary
old_001_s07,old_001,0.25953336494994955,23.254539152408938,-0.5636019953235991,18.175551041500157,150,False,False,False,non_boundary
old_001_s08,old_001,0.22282081139340137,25.61207817164956,-0.7433570618945669,13.224941037795338,150,False,False,False,non_boundary
old_001_s09,old_001,0.2280349499134611,50.0,0.18917658727173695,7.145169316610829,150,True,False,False,fast_learner
old_002_s00,old_002,0.18099189409870925,43.201641567174605,-0.15617248625838684,15.843172138856632,150,False,False,False,non_boundary
old_002_s01,old_002,0.3375301974846257,27.145966024340627,-1.9611835932986448,13.449836778689049,150,False,False,False,non_boundary
old_002_s02,old_002,0.21598506271586115,21.501098691897646,1.0780037836362635,12.587206044570111,150,False,False,False,non_boundary
old_002_s03,old_002,0.3092553436272736,28.408923529773034,1.2224299296367138,12.455205135373609,150,False,False,False,non_boundary
old_002_s04,old_002,0.31541113471722,16.71633408520997,0.6453463705437027,16.09597220213782,150,False,False,False,non_boundary
old_002_s05,old_002,0.29039725431615043,35.17213066341669,-1.1434212898730265,11.359069908512238,150,False,False,False,non_boundary
old_002_s06,old_002,0.22830474112066323,26.192057156664806,0.03273524067308347,13.193623391510746,150,False,False,False,non_boundary
old_002_s07,old_002,0.23685239460120952,33.72122327447648,0.07236584192286778,16.08768985779211,150,False,False,False,non_boundary
old_002_s08,old_002,0.2663531820010469,23.683588060418366,-0.0309059211662708,16.238815033825055,150,False,False,False,non_boundary
old_002_s09,old_002,0.27426103282960645,34.52095917040415,-0.8240267390840674,15.906639378198959,150,False,False,False,non_boundary
old_003_s00,old_003,0.25794395800952846,28.106570064608942,-0.7515800557256078,11.848347017655984,150,False,False,False,non_boundary
old_003_s01,old_003,0.30536628171333124,31.367565281326172,-0.10953214178045163,10.776317472045694,150,False,False,False,non_boundary
old_003_s02,old_003,0.25792483054155324,19.798394281737423,0.9519444872147014,11.84589624189009,150,False,False,False,non_boundary
old_003_s03,old_003,0.3388415771161901,25.435637330397313,0.6691727975185663,10.648931174179681,150,False,False,False,non_boundary
old_003_s04,old_003,0.2583293080191967,38.53342063380829,0.688294634022637,9.171555580213411,150,False,False,False,non_boundary
old_003_s05,old_003,0.1571397344991951,32.214453081198826,-0.2387144635860995,16.746741776848967,150,False,False,False,non_boundary
old_003_s06,old_003,0.28455719445603717,47.46275402485134,0.48806259432650956,8.975986443236811,150,False,False,False,non_boundary
old_003_s07,old_003,0.28042260439511,33.03783680591991,-0.5724945079050353,14.989233710961722,150,False,False,False,non_boundary
old_003_s08,old_003,0.22936769677916585,50.0,-1.2948634504938465,9.780882559791241,150,True,False,False,fast_learner
old_003_s09,old_003,0.19277084673075714,40.381139401304935,-0.6156176768928288,10.550413980723583,150,False,False,False,non_boundary
old_004_s00,old_004,0.3282960914538604,50.0,0.5344784223393085,10.880473179894098,150,True,False,False,fast_learner
old_004_s01,old_004,0.3283672127032378,22.740465335997307,0.1322923619392056,18.24880365621905,150,False,False,False,non_boundary
old_004_s02,old_004,0.2673117116558251,24.427022618718162,0.37626242098445456,11.299267674455296,150,False,False,False,non_boundary
old_004_s03,old_004,0.2158647243157339,36.43390603023736,-0.6164737758491183,12.853538155063948,150,False,False,False,non_boundary
old_004_s04,old_004,0.2553476407199987,19.517525443257828,0.6632655437166048,12.953862187140949,150,False,False,False,non_boundary
old_004_s05,old_004,0.2381498800831557,34.0075114390494,0.2718818886186052,13.06025802727952,150,False,False,False,non_boundary
old_004_s06,old_004,0.16223555932255843,36.14124263719905,0.03936010051261052,13.245175326201464,150,False,False,False,non_boundary
old_004_s07,old_004,0.20670439847519986,28.117017569107386,0.25344719968109497,18.741472809861136,150,False,False,False,non_boundary
old_004_s08,old_004,0.4200663503280395,50.0,-0.44179255819303903,6.757554092678987,150,True,False,False,fast_learner
old_004_s09,old_004,0.3304281029766699,25.69129948481237,-0.25008810444686747,14.375367990120038,150,False,False,False,non_boundary
old_005_s00,old_005,0.3205477090220996,23.872560673957835,-0.06322292661867829,13.91715089065761,150,False,False,False,non_boundary
old_005_s01,old_005,0.2341864021808721,31.858355282927104,0.42200932151508935,16.72861914507391,150,False,False,False,non_boundary
old_005_s02,old_005,0.18378224672453455,50.0,0.09779247207762082,5.7539736096265415,150,True,False,False,fast_learner
old_005_s03,old_005,0.24765053924096636,37.72442060047459,0.22927477030533736,11.712772349136307,150,False,False,False,non_boundary
old_005_s04,old_005,0.22909834221300043,39.58041029120006,0.13064033014648307,9.514745531888389,150,False,False,False,non_boundary
old_005_s05,old_005,0.2828681825001723,18.282029674383047,0.0772131220768344,14.009487714177082,150,False,False,False,non_boundary
old_005_s06,old_005,0.25892529609853204,38.06784009721846,0.3783685228059811,11.628673040808954,150,False,False,False,non_boundary
old_005_s07,old_005,0.26170605550728426,50.0,0.527217359204534,8.169701749469146,150,True,False,False,fast_learner
old_005_s08,old_005,0.21694118797226575,18.346698721543184,0.4224163352896592,14.243914798446902,150,False,False,False,non_boundary
old_005_s09,old_005,0.317940068849274,50.0,0.4069161648404029,8.99771723715278,150,True,False,False,fast_learner
old_006_s00,old_006,0.2595748306726667,49.234415590069815,-0.06783203435401805,9.488691341643728,150,False,False,False,non_boundary
old_006_s01,old_006,0.17806080917385103,25.417076800563873,0.47791139705642954,18.021236033723245,150,False,False,False,non_boundary
old_006_s02,old_006,0.23765861228222124,26.26217499144137,0.01922190543609789,17.883828414019472,150,False,False,False,non_boundary
old_006_s03,old_006,0.21384183829302553,32.28763422174937,0.42848683736285326,12.288536272368976,150,False,False,False,non_boundary
old_006_s04,old_006,0.3793738752994013,42.80187860357763,-0.5729182806810587,13.002933519587689,150,False,False,False,non_boundary
old_006_s05,old_006,0.36631672032689205,50.0,-0.030584019645570983,7.474228070973783,150,True,False,False,fast_learner
old_006_s06,old_006,0.22431226027214055,30.6326772553993,-1.092959180761722,17.26697234601754,150,False,False,False,non_boundary
old_006_s07,old_006,0.2269107067995625,34.49287996321737,0.029937200190334502,16.848005784321245,150,False,False,False,non_boundary
old_006_s08,old_006,0.2359009752733601,27.56239115052012,-0.47005844911746497,16.378763916153254,150,False,False,False,non_boundary
old_006_s09,old_006,0.28035888666397213,33.38044354738824,-0.13584748458991644,10.493967339612654,150,False,False,False,non_boundary
old_007_s00,old_007,0.24252243757241057,50.0,-0.5556527174619448,5.321463419797599,150,True,False,False,fast_learner
old_007_s01,old_007,0.20965872057910387,50.0,-0.27413302782104404,6.286140313802982,150,True,False,False,fast_learner
old_007_s02,old_007,0.29424090755745097,29.372229372068777,-0.8863891830289803,12.867322519393019,150,False,False,False,non_boundary
old_007_s03,old_007,0.24025026508176692,22.054714916742366,0.34918255851730035,13.747920565027485,150,False,False,False,non_boundary
old_007_s04,old_007,0.2965054499153856,33.96143817161976,-0.7696281509443924,13.811883306235329,150,False,False,False,non_boundary
old_007_s05,old_007,0.17125255696299174,48.58315323942501,0.26736006459447065,8.258673054352586,150,False,False,False,non_boundary
old_007_s06,old_007,0.3622757753228745,28.201788603402314,0.6845904466107056,15.920969348679346,150,False,False,False,non_boundary
old_007_s07,old_007,0.3240547986539995,38.464603056158914,-0.6392758258869092,9.327232598341233,150,False,False,False,non_boundary
old_007_s08,old_007,0.2617837238776955,34.18439793673965,-0.8110360672106478,12.585470706826852,150,False,False,False,non_boundary
old_007_s09,old_007,0.22214969977070548,50.0,1.010211157167883,7.0576263898335885,150,True,False,False,fast_learner
old_008_s00,old_008,0.25757430699203293,38.58899739431448,-2.2021195383761074,9.51857225049312,150,False,False,False,non_boundary
old_008_s01,old_008,0.19673370756206757,50.0,-0.38825972033975975,5.971925893590725,150,True,False,False,fast_learner
old_008_s02,old_008,0.2737530177082293,35.0272650054685,-0.19966443180748522,8.08749431449495,150,False,False,False,non_boundary
old_008_s03,old_008,0.2527207274276351,33.64676932850064,-0.15437751198710464,12.665950556068074,150,False,False,False,non_boundary
old_008_s04,old_008,0.176756585649069,35.441060155000834,-0.30656859068078995,13.474421911790598,150,False,False,False,non_boundary
old_008_s05,old_008,0.26038147124134814,23.81923054518659,0.26830809903489666,14.091974797000837,150,False,False,False,non_boundary
old_008_s06,old_008,0.27336906908134107,44.95326482251053,-0.5272056673921183,12.891544540065341,150,False,False,False,non_boundary
old_008_s07,old_008,0.2548732872974858,28.671968800749994,-0.4913229543802775,13.911526149622881,150,False,False,False,non_boundary
old_008_s08,old_008,0.22074714612543878,43.87181756472461,1.096765116972882,8.695545111808652,150,False,False,False,non_boundary
old_008_s09,old_008,0.18305950129824947,28.45945936313972,0.13322004360155804,11.535935819908028,150,False,False,False,non_boundary
old_009_s00,old_009,0.19305824332035898,22.970489501295837,0.23869975385122513,18.674877865195818,150,False,False,False,non_boundary
old_009_s01,old_009,0.24888533430895632,23.640949315084633,-0.5817237648862249,19.230266240928685,150,False,False,False,non_boundary
old_009_s02,old_009,0.2833755314386508,21.946096589894843,0.2498804463094526,19.903742796053855,150,False,False,False,non_boundary
old_009_s03,old_009,0.18692917439100815,18.241456507378984,0.7211776991699997,16.851350211054196,150,False,False,False,non_boundary
old_009_s04,old_009,0.2397054383094493,25.4144702490214,-0.02797083072842471,11.947462920015788,150,False,False,False,non_boundary
old_009_s05,old_009,0.25701627636020874,31.184397688724587,0.40129384054172834,10.088939113303352,150,False,False,False,non_boundary
old_009_s06,old_009,0.3021311471248789,50.0,0.7465627654411618,5.502153094669689,150,True,False,False,fast_learner
old_009_s07,old_009,0.29798879864281874,19.76524381823118,-0.7487854506121767,17.954942592357824,150,False,False,False,non_boundary
old_009_s08,old_009,0.31024951578357907,20.880832376510686,-0.5104503711691997,17.65245406042076,150,False,False,False,non_boundary
old_009_s09,old_009,0.17617191049912287,50.0,-1.0558040776653794,8.469955790069111,150,True,False,False,fast_learner
old_010_s00,old_010,0.30438608592264416,50.0,-1.017151429021908,8.974200940629746,150,True,False,False,fast_learner
old_010_s01,old_010,0.3021414381393603,24.977015670604562,-0.4947369804491204,10.07991169333994,150,False,False,False,non_boundary
old_010_s02,old_010,0.26573195883965395,50.0,-0.2698070436183436,8.532465357869944,150,True,False,False,fast_learner
old_010_s03,old_010,0.5550067001493451,45.30843136140635,0.32776300090992005,12.842000746677128,150,False,False,False,non_boundary
old_010_s04,old_010,0.24923450668090844,34.001837088512175,0.04974102481822424,12.424532956936112,150,False,False,False,non_boundary
old_010_s05,old_010,0.3052749117229933,44.48298815040759,0.37421946267989736,9.351869044984953,150,False,False,False,non_boundary
old_010_s06,old_010,0.20071218560995466,36.77074522586316,0.2706364986492315,10.453433171766752,150,False,False,False,non_boundary
old_010_s07,old_010,0.40655438755392304,28.229766970363226,0.8581239760910833,15.604415489995086,150,False,False,False,non_boundary
old_010_s08,old_010,0.21972447333651812,25.941041256283608,-0.047451568617251694,15.831768629331272,150,False,False,False,non_boundary
old_010_s09,old_010,0.28163822681681056,20.4365646669416,0.3166736908627719,14.406764272195542,150,False,False,False,non_boundary
old_011_s00,old_011,0.3114640999330551,25.17173038340861,-0.30334373381183205,16.67210319774119,150,False,False,False,non_boundary
old_011_s01,old_011,0.15293193917534767,50.0,-0.2756596013676808,13.1359363168114,150,True,False,False,fast_learner
old_011_s02,old_011,0.3783767269524575,47.08205482416555,-0.8677299997947178,13.23148533444716,150,False,False,False,non_boundary
old_011_s03,old_011,0.2589939733519355,15.56406028404939,0.35887819225182643,17.10881047294919,150,False,False,False,non_boundary
old_011_s04,old_011,0.2779444549343872,30.533061885256853,-0.20581044057347722,14.315439424470739,150,False,False,False,non_boundary
old_011_s05,old_011,0.24173104884691526,24.74991272755124,0.3588438346415382,13.240630069220947,150,False,False,False,non_boundary
old_011_s06,old_011,0.29805482080495704,18.732331703550873,0.13569370002063538,9.213021139914362,150,False,False,False,non_boundary
old_011_s07,old_011,0.1682452165873626,38.2604833352577,-0.6874807323564242,9.76435332719007,150,False,False,False,non_boundary
old_011_s08,old_011,0.45313556302123126,50.0,-0.20278428167341103,8.791832179854659,150,True,False,False,fast_learner
old_011_s09,old_011,0.19441396503823652,38.372864031727524,-0.908248508920282,9.895300309943988,150,False,False,False,non_boundary
old_012_s00,old_012,0.2219770875700641,46.04086828845577,-0.6111279155404584,9.221733754389563,150,False,False,False,non_boundary
old_012_s01,old_012,0.29466720077175607,18.882766909104582,0.07361048951108466,17.781619760555614,150,False,False,False,non_boundary
old_012_s02,old_012,0.20735469560331427,26.663008598385236,-0.06111579908902428,18.98088872849164,150,False,False,False,non_boundary
old_012_s03,old_012,0.29278560813150706,40.0026718739568,-1.38817010561356,9.650926625217025,150,False,False,False,non_boundary
old_012_s04,old_012,0.26291962100212646,22.92540065765902,-0.589630438735402,16.403117528825938,150,False,False,False,non_boundary
old_012_s05,old_012,0.279118470087495,42.26510095147295,-1.6470022725081335,11.9618090242429,150,False,False,False,non_boundary
old_012_s06,old_012,0.274762032210811,31.354666835986936,-0.10942577420678606,12.295002462540905,150,False,False,False,non_boundary
old_012_s07,old_012,0.269859028017245,28.427633489159422,0.22747334550576637,11.003633974146108,150,False,False,False,non_boundary
old_012_s08,old_012,0.15364174928791105,27.812839598061554,-0.5749820288578099,19.218115163807745,150,False,False,False,non_boundary
old_012_s09,old_012,0.2837724555473847,45.56269335686413,-1.7564837749570004,8.740874416972925,150,False,False,False,non_boundary
old_013_s00,old_013,0.23007077905502313,44.25634994171259,-1.4431313895688322,8.413305969311484,150,False,False,False,non_boundary
old_013_s01,old_013,0.26284585305187985,19.01067394248788,0.3000200907507118,16.714884231298708,150,False,False,False,non_boundary
old_013_s02,old_013,0.21744026580010223,33.10477003161296,-0.4182339021339982,10.765446025358898,150,False,False,False,non_boundary
old_013_s03,old_013,0.2928988308114831,24.56271897781939,-0.35881728788599704,14.06604450768739,150,False,False,False,non_boundary
old_013_s04,old_013,0.23441761956099805,50.0,0.3124830432820409,7.891221304920736,150,True,False,False,fast_learner
old_013_s05,old_013,0.1631167946142178,46.073687590137986,-1.1684545937316726,9.889016650463104,150,False,False,False,non_boundary
old_013_s06,old_013,0.29210196612920847,31.542231727203536,0.050580651922265255,10.286497273741773,150,False,False,False,non_boundary
old_013_s07,old_013,0.3240131278921075,25.833874178229404,0.7174933299619263,15.597996377760524,150,False,False,False,non_boundary
old_013_s08,old_013,0.26153129564981875,45.108332638682505,-0.4217594510583844,9.95750965990793,150,False,False,False,non_boundary
old_013_s09,old_013,0.27830255675893006,24.1635005748229,0.02402307764702546,11.470121475401704,150,False,False,False,non_boundary
old_014_s00,old_014,0.2881777032149034,50.0,-0.08467485855090559,8.159611267132576,150,True,False,False,fast_learner
old_014_s01,old_014,0.37518234889450625,50.0,1.2851722469455829,10.453143799951533,150,True,False,False,fast_learner
old_014_s02,old_014,0.38235952731045647,41.78929245741913,0.5758433139897094,9.029268987671594,150,False,False,False,non_boundary
old_014_s03,old_014,0.24638907351562456,34.991760187517755,-0.28940228859745626,12.553386848830138,150,False,False,False,non_boundary
old_014_s04,old_014,0.19156820511295183,20.04916693899886,0.3247150697404366,20.692810788732135,150,False,False,False,non_boundary
old_014_s05,old_014,0.23759135850247662,50.0,0.19635377196205245,11.20925895304244,150,True,False,False,fast_learner
old_014_s06,old_014,0.2279437024049236,22.446852296469228,0.011485788410950494,20.979802246566003,150,False,False,False,non_boundary
old_014_s07,old_014,0.2822159137011057,26.008611455658652,-0.06618938161586921,16.723076532560718,150,False,False,False,non_boundary
old_014_s08,old_014,0.19600233492822355,32.63056843530257,-0.5324868891397742,12.569041966748733,150,False,False,False,non_boundary
old_014_s09,old_014,0.13274984903429965,43.272937125136025,0.1608760418277798,13.183353541328296,150,False,False,False,non_boundary
old_015_s00,old_015,0.19014340879221397,37.61155298582935,0.7024343196683126,11.095361935310896,150,False,False,False,non_boundary
old_015_s01,old_015,0.2065654957654923,18.769875708925248,0.2705853592845777,20.607828596296425,150,False,False,False,non_boundary
old_015_s02,old_015,0.23283179451093625,28.83585578980345,-0.20653818065027,14.731903602782937,150,False,False,False,non_boundary
old_015_s03,old_015,0.2709093132844372,35.24396391237236,0.5303158197528869,11.808904632284646,150,False,False,False,non_boundary
old_015_s04,old_015,0.24434906203314927,27.570596443568512,-0.08347055406649838,14.169556318429825,150,False,False,False,non_boundary
old_015_s05,old_015,0.25854696856650394,29.51980593939664,-0.6486020028637349,17.00500528268578,150,False,False,False,non_boundary
old_015_s06,old_015,0.3364855705575399,21.81633263235663,-0.10254319646657314,16.01542660959347,150,False,False,False,non_boundary
old_015_s07,old_015,0.22337700858028856,50.0,-1.6561392176183027,9.091673962962942,150,True,False,False,fast_learner
old_015_s08,old_015,0.2394038221406406,50.0,1.292502290637793,5.475363158327462,150,True,False,False,fast_learner
old_015_s09,old_015,0.1920239240841949,50.0,-0.8209958018366205,12.735542099189287,150,True,False,False,fast_learner
